model,accuracy,auc
XGBoost,0.9993650793650793,0.9999968253968254
