,precision,recall,f1-score,support
0,0.9819494584837545,0.9714285714285714,0.9766606822262118,1400.0
1,0.9425770308123249,0.9614285714285714,0.9519094766619519,1400.0
2,0.9646719538572458,0.9557142857142857,0.9601722282023681,1400.0
accuracy,0.9628571428571429,0.9628571428571429,0.9628571428571429,0.9628571428571429
macro avg,0.963066147717775,0.962857142857143,0.9629141290301773,4200.0
weighted avg,0.963066147717775,0.9628571428571429,0.9629141290301773,4200.0
